id;mois;montant_prevu_gnf;date_creation
plan-app-afa8c52e;2026-09-01;31800000;2026-08-30 10:39
plan-app-cb3fad4b;2026-10-01;15900000;2026-08-30 10:39
plan-app-4f2b55c0;2026-11-01;15900000;2026-08-30 10:39
plan-app-c8400107;2026-12-01;15900000;2026-08-30 10:39
plan-app-d63b7c87;2027-01-01;42400000;2026-08-30 10:39
plan-app-be4f2502;2027-02-01;15900000;2026-08-30 10:39
plan-app-e7d86b17;2027-03-01;15900000;2026-08-30 10:39
plan-app-3c86aaeb;2027-04-01;15900000;2026-08-30 10:39
plan-app-cf42299c;2027-05-01;15900000;2026-08-30 10:39
plan-app-d099f8d0;2027-06-01;15900000;2026-08-30 10:39
plan-app-eb718fe5;2027-07-01;15900000;2026-08-30 10:39
plan-app-7fbbbc11;2027-08-01;15900000;2026-08-30 10:39
plan-app-5ae9c03d;2027-09-01;31800000;2026-08-30 10:39
plan-app-57c6959c;2027-10-01;15900000;2026-08-30 10:39
plan-app-8ed04c1d;2027-11-01;15900000;2026-08-30 10:39
plan-app-e542220c;2027-12-01;15900000;2026-08-30 10:39
plan-app-897470ee;2028-01-01;31800000;2026-08-30 10:39
